"file","bytes","url","source_page"
"MySQL-Lock-Table.png","15834","https://www.mysqltutorial.org/wp-content/uploads/2019/09/MySQL-Lock-Table.png","https://www.mysqltutorial.org/mysql-basics/mysql-table-locking/"
"mysql-lock-table-connection-id-1.png","660","https://www.mysqltutorial.org/wp-content/uploads/2019/09/mysql-lock-table-connection-id-1.png","https://www.mysqltutorial.org/mysql-basics/mysql-table-locking/"
"mysql-lock-table-connection-id-2.png","587","https://www.mysqltutorial.org/wp-content/uploads/2019/09/mysql-lock-table-connection-id-2.png","https://www.mysqltutorial.org/mysql-basics/mysql-table-locking/"
"mysql-lock-table-insert.png","624","https://www.mysqltutorial.org/wp-content/uploads/2019/09/mysql-lock-table-insert.png","https://www.mysqltutorial.org/mysql-basics/mysql-table-locking/"
"mysql-lock-table-session-2-insert.png","3414","https://www.mysqltutorial.org/wp-content/uploads/2019/09/mysql-lock-table-session-2-insert.png","https://www.mysqltutorial.org/mysql-basics/mysql-table-locking/"
"mysql-lock-table-show-processlist.png","14562","https://www.mysqltutorial.org/wp-content/uploads/2019/09/mysql-lock-table-show-processlist.png","https://www.mysqltutorial.org/mysql-basics/mysql-table-locking/"
"mysql-lock-table-show-processlist-write-lock.png","11944","https://www.mysqltutorial.org/wp-content/uploads/2019/09/mysql-lock-table-show-processlist-write-lock.png","https://www.mysqltutorial.org/mysql-basics/mysql-table-locking/"
"mysql-lock-table-unlock-tables.png","878","https://www.mysqltutorial.org/wp-content/uploads/2019/09/mysql-lock-table-unlock-tables.png","https://www.mysqltutorial.org/mysql-basics/mysql-table-locking/"
"mysql-lock-table-write-lock-example-1.png","1349","https://www.mysqltutorial.org/wp-content/uploads/2022/08/mysql-lock-table-write-lock-example-1.png","https://www.mysqltutorial.org/mysql-basics/mysql-table-locking/"
"mysql-lock-table-write-lock-messages-example-2.png","1479","https://www.mysqltutorial.org/wp-content/uploads/2022/08/mysql-lock-table-write-lock-messages-example-2.png","https://www.mysqltutorial.org/mysql-basics/mysql-table-locking/"
