"page","image","source"
"https://www.mysqltutorial.org/mysql-views/","mysql-views-customers-payments-1.png","https://www.mysqltutorial.org/wp-content/uploads/2019/08/customers-payments-1.png"
"https://www.mysqltutorial.org/mysql-views/","mysql-views-MySQL-View.png","https://www.mysqltutorial.org/wp-content/uploads/2019/08/MySQL-View.png"
"https://www.mysqltutorial.org/mysql-views/","mysql-views-MySQL-View-example.png","https://www.mysqltutorial.org/wp-content/uploads/2019/08/MySQL-View-example.png"
"https://www.mysqltutorial.org/mysql-views/","mysql-views-MySQL-View-reference-no-table-example.png","https://www.mysqltutorial.org/wp-content/uploads/2019/08/MySQL-View-reference-no-table-example.png"
"https://www.mysqltutorial.org/mysql-views/mysql-create-view/","mysql-create-view-create-a-view-based-on-another-view.jpg","https://www.mysqltutorial.org/wp-content/uploads/2009/12/create-a-view-based-on-another-view.jpg"
"https://www.mysqltutorial.org/mysql-views/mysql-create-view/","mysql-create-view-mysql-view-with-subquery.png","https://www.mysqltutorial.org/wp-content/uploads/2009/12/mysql-view-with-subquery.png"
"https://www.mysqltutorial.org/mysql-views/mysql-create-view/","mysql-create-view-show-full-table-command.jpg","https://www.mysqltutorial.org/wp-content/uploads/2009/12/show-full-table-command.jpg"
"https://www.mysqltutorial.org/mysql-views/mysql-create-view/","mysql-create-view-show-table-view.jpg","https://www.mysqltutorial.org/wp-content/uploads/2009/12/show-table-view.jpg"
"https://www.mysqltutorial.org/mysql-views/mysql-create-view/","mysql-create-view-mysql-create-view-simple-view-example.png","https://www.mysqltutorial.org/wp-content/uploads/2019/08/mysql-create-view-simple-view-example.png"
"https://www.mysqltutorial.org/mysql-views/mysql-create-view/","mysql-create-view-mysql-create-view-with-explicit-columns.png","https://www.mysqltutorial.org/wp-content/uploads/2019/08/mysql-create-view-with-explicit-columns.png"
"https://www.mysqltutorial.org/mysql-views/mysql-create-view/","mysql-create-view-mysql-create-view-with-join-example.png","https://www.mysqltutorial.org/wp-content/uploads/2019/08/mysql-create-view-with-join-example.png"
"https://www.mysqltutorial.org/mysql-views/mysql-create-view/","mysql-create-view-orderdetails.png","https://www.mysqltutorial.org/wp-content/uploads/2019/08/orderdetails.png"
"https://www.mysqltutorial.org/mysql-views/mysql-view-processing-algorithms/","mysql-view-processing-algorithms-customers_table.png","https://www.mysqltutorial.org/wp-content/uploads/2014/05/customers_table.png"
"https://www.mysqltutorial.org/mysql-views/mysql-updatable-views/","mysql-updatable-views-Items-table.jpg","https://www.mysqltutorial.org/wp-content/uploads/2009/12/Items-table.jpg"
"https://www.mysqltutorial.org/mysql-views/mysql-updatable-views/","mysql-updatable-views-luxuryitems-view.jpg","https://www.mysqltutorial.org/wp-content/uploads/2009/12/luxuryitems-view.jpg"
"https://www.mysqltutorial.org/mysql-views/mysql-updatable-views/","mysql-updatable-views-MySQL-DELETE-through-View.jpg","https://www.mysqltutorial.org/wp-content/uploads/2009/12/MySQL-DELETE-through-View.jpg"
"https://www.mysqltutorial.org/mysql-views/mysql-updatable-views/","mysql-updatable-views-mysql-updateable-view-example.png","https://www.mysqltutorial.org/wp-content/uploads/2009/12/mysql-updateable-view-example.png"
"https://www.mysqltutorial.org/mysql-views/mysql-updatable-views/","mysql-updatable-views-mysql-updateable-view-example-with-officeInfo-View.png","https://www.mysqltutorial.org/wp-content/uploads/2009/12/mysql-updateable-view-example-with-officeInfo-View.png"
"https://www.mysqltutorial.org/mysql-views/mysql-updatable-views/","mysql-updatable-views-updatable-views-information_schema.png","https://www.mysqltutorial.org/wp-content/uploads/2009/12/updatable-views-information_schema.png"
"https://www.mysqltutorial.org/mysql-views/mysql-view-with-check-option/","mysql-view-with-check-option-code_7.jpg","https://www.mysqltutorial.org/wp-content/uploads/2013/01/code_7.jpg"
"https://www.mysqltutorial.org/mysql-views/mysql-view-with-local-check-option-vs-with-cascaded-check-option/","mysql-view-with-local-check-option-vs-with-cascaded-check-option-code_3.jpg","https://www.mysqltutorial.org/wp-content/uploads/2013/01/code_3.jpg"
"https://www.mysqltutorial.org/mysql-views/mysql-view-with-local-check-option-vs-with-cascaded-check-option/","mysql-view-with-local-check-option-vs-with-cascaded-check-option-MySQL-WITH-CASCADED-CHECK-OPTION.jpg","https://www.mysqltutorial.org/wp-content/uploads/2015/11/MySQL-WITH-CASCADED-CHECK-OPTION.jpg"
"https://www.mysqltutorial.org/mysql-views/mysql-view-with-local-check-option-vs-with-cascaded-check-option/","mysql-view-with-local-check-option-vs-with-cascaded-check-option-MySQL-WITH-LOCAL-CHECK-OPTION.jpg","https://www.mysqltutorial.org/wp-content/uploads/2015/11/MySQL-WITH-LOCAL-CHECK-OPTION.jpg"
"https://www.mysqltutorial.org/mysql-views/mysql-show-view/","mysql-show-view-mysql-show-view.png","https://www.mysqltutorial.org/wp-content/uploads/2019/08/mysql-show-view.png"
"https://www.mysqltutorial.org/mysql-views/mysql-show-view/","mysql-show-view-mysql-show-view-from-sys.png","https://www.mysqltutorial.org/wp-content/uploads/2019/08/mysql-show-view-from-sys.png"
"https://www.mysqltutorial.org/mysql-views/mysql-show-view/","mysql-show-view-mysql-show-view-like.png","https://www.mysqltutorial.org/wp-content/uploads/2019/08/mysql-show-view-like.png"
"https://www.mysqltutorial.org/mysql-views/mysql-rename-views/","mysql-rename-views-MySQL-RENAME-view-example.png","https://www.mysqltutorial.org/wp-content/uploads/2019/08/MySQL-RENAME-view-example.png"
"https://www.mysqltutorial.org/mysql-views/mysql-drop-view/","mysql-drop-view-customers-payments.png","https://www.mysqltutorial.org/wp-content/uploads/2019/08/customers-payments.png"
"https://www.mysqltutorial.org/mysql-views/mysql-drop-view/","mysql-drop-view-offices-employees.png","https://www.mysqltutorial.org/wp-content/uploads/2019/08/offices-employees.png"
"https://www.mysqltutorial.org/mysql-views/mysql-drop-view/","mysql-drop-view-product-productlines.png","https://www.mysqltutorial.org/wp-content/uploads/2019/08/product-productlines.png"
